match_id,puuid,win,total_minions_killed,surrender,total_damage_dealt_champions,vision_score,time_played,minionsPerMinute,visionScorePerMinute,damageDealtPerMinute
NA1_5274110401,cceyLZQy9agglDZRVGQX2xW9VhMjbJhY106gIr3KkpqttpPDoL-cbd-yns_mEm6zEN1YpS-19iVc8w,True,225,False,39953,33,35,6.43,0.94,1141.51
NA1_5274081875,cceyLZQy9agglDZRVGQX2xW9VhMjbJhY106gIr3KkpqttpPDoL-cbd-yns_mEm6zEN1YpS-19iVc8w,True,161,True,14755,12,18,8.94,0.67,819.72
NA1_5273518673,cceyLZQy9agglDZRVGQX2xW9VhMjbJhY106gIr3KkpqttpPDoL-cbd-yns_mEm6zEN1YpS-19iVc8w,False,324,False,42742,37,37,8.76,1.0,1155.19
NA1_5273494666,cceyLZQy9agglDZRVGQX2xW9VhMjbJhY106gIr3KkpqttpPDoL-cbd-yns_mEm6zEN1YpS-19iVc8w,False,127,True,13381,11,18,7.06,0.61,743.39
NA1_5273446628,cceyLZQy9agglDZRVGQX2xW9VhMjbJhY106gIr3KkpqttpPDoL-cbd-yns_mEm6zEN1YpS-19iVc8w,True,222,False,15931,22,26,8.54,0.85,612.73
NA1_5273401047,cceyLZQy9agglDZRVGQX2xW9VhMjbJhY106gIr3KkpqttpPDoL-cbd-yns_mEm6zEN1YpS-19iVc8w,True,263,True,40960,24,31,8.48,0.77,1321.29
NA1_5272719669,cceyLZQy9agglDZRVGQX2xW9VhMjbJhY106gIr3KkpqttpPDoL-cbd-yns_mEm6zEN1YpS-19iVc8w,False,274,False,23481,31,34,8.06,0.91,690.62
NA1_5272692880,cceyLZQy9agglDZRVGQX2xW9VhMjbJhY106gIr3KkpqttpPDoL-cbd-yns_mEm6zEN1YpS-19iVc8w,False,200,True,16206,20,22,9.09,0.91,736.64
NA1_5272668190,cceyLZQy9agglDZRVGQX2xW9VhMjbJhY106gIr3KkpqttpPDoL-cbd-yns_mEm6zEN1YpS-19iVc8w,False,242,False,16190,21,27,8.96,0.78,599.63
NA1_5272590685,cceyLZQy9agglDZRVGQX2xW9VhMjbJhY106gIr3KkpqttpPDoL-cbd-yns_mEm6zEN1YpS-19iVc8w,True,273,False,32020,27,26,10.5,1.04,1231.54
NA1_5272066072,cceyLZQy9agglDZRVGQX2xW9VhMjbJhY106gIr3KkpqttpPDoL-cbd-yns_mEm6zEN1YpS-19iVc8w,False,258,False,45334,30,37,6.97,0.81,1225.24
NA1_5271665831,cceyLZQy9agglDZRVGQX2xW9VhMjbJhY106gIr3KkpqttpPDoL-cbd-yns_mEm6zEN1YpS-19iVc8w,True,50,True,16314,169,42,1.19,4.02,388.43
NA1_5271639795,cceyLZQy9agglDZRVGQX2xW9VhMjbJhY106gIr3KkpqttpPDoL-cbd-yns_mEm6zEN1YpS-19iVc8w,False,210,False,17072,28,27,7.78,1.04,632.3
NA1_5271606671,cceyLZQy9agglDZRVGQX2xW9VhMjbJhY106gIr3KkpqttpPDoL-cbd-yns_mEm6zEN1YpS-19iVc8w,False,198,False,33556,22,30,6.6,0.73,1118.53
NA1_5271578042,cceyLZQy9agglDZRVGQX2xW9VhMjbJhY106gIr3KkpqttpPDoL-cbd-yns_mEm6zEN1YpS-19iVc8w,False,222,False,17570,19,27,8.22,0.7,650.74
NA1_5270704441,cceyLZQy9agglDZRVGQX2xW9VhMjbJhY106gIr3KkpqttpPDoL-cbd-yns_mEm6zEN1YpS-19iVc8w,True,198,True,27249,33,25,7.92,1.32,1089.96
NA1_5270676713,cceyLZQy9agglDZRVGQX2xW9VhMjbJhY106gIr3KkpqttpPDoL-cbd-yns_mEm6zEN1YpS-19iVc8w,True,220,True,30795,24,25,8.8,0.96,1231.8
NA1_5270647569,cceyLZQy9agglDZRVGQX2xW9VhMjbJhY106gIr3KkpqttpPDoL-cbd-yns_mEm6zEN1YpS-19iVc8w,False,277,True,20029,44,32,8.66,1.38,625.91
NA1_5270624111,cceyLZQy9agglDZRVGQX2xW9VhMjbJhY106gIr3KkpqttpPDoL-cbd-yns_mEm6zEN1YpS-19iVc8w,True,169,True,20801,21,22,7.68,0.95,945.5
NA1_5270199178,cceyLZQy9agglDZRVGQX2xW9VhMjbJhY106gIr3KkpqttpPDoL-cbd-yns_mEm6zEN1YpS-19iVc8w,True,222,False,29556,41,31,7.16,1.32,953.42
NA1_5270169555,cceyLZQy9agglDZRVGQX2xW9VhMjbJhY106gIr3KkpqttpPDoL-cbd-yns_mEm6zEN1YpS-19iVc8w,True,167,True,9275,10,15,11.13,0.67,618.33
NA1_5270129314,cceyLZQy9agglDZRVGQX2xW9VhMjbJhY106gIr3KkpqttpPDoL-cbd-yns_mEm6zEN1YpS-19iVc8w,True,220,False,29258,16,28,7.86,0.57,1044.93
NA1_5270064853,cceyLZQy9agglDZRVGQX2xW9VhMjbJhY106gIr3KkpqttpPDoL-cbd-yns_mEm6zEN1YpS-19iVc8w,True,114,True,9634,8,15,7.6,0.53,642.27
NA1_5269449400,cceyLZQy9agglDZRVGQX2xW9VhMjbJhY106gIr3KkpqttpPDoL-cbd-yns_mEm6zEN1YpS-19iVc8w,False,212,True,18426,17,27,7.85,0.63,682.44
NA1_5269415660,cceyLZQy9agglDZRVGQX2xW9VhMjbJhY106gIr3KkpqttpPDoL-cbd-yns_mEm6zEN1YpS-19iVc8w,False,221,True,19094,23,25,8.84,0.92,763.76
NA1_5269384285,cceyLZQy9agglDZRVGQX2xW9VhMjbJhY106gIr3KkpqttpPDoL-cbd-yns_mEm6zEN1YpS-19iVc8w,True,245,False,33877,27,26,9.42,1.04,1302.96
NA1_5268769873,cceyLZQy9agglDZRVGQX2xW9VhMjbJhY106gIr3KkpqttpPDoL-cbd-yns_mEm6zEN1YpS-19iVc8w,True,264,False,22418,31,28,9.43,1.11,800.64
NA1_5268711549,cceyLZQy9agglDZRVGQX2xW9VhMjbJhY106gIr3KkpqttpPDoL-cbd-yns_mEm6zEN1YpS-19iVc8w,True,251,False,27548,31,33,7.61,0.94,834.79
NA1_5268654809,cceyLZQy9agglDZRVGQX2xW9VhMjbJhY106gIr3KkpqttpPDoL-cbd-yns_mEm6zEN1YpS-19iVc8w,True,238,True,38432,21,26,9.15,0.81,1478.15
NA1_5268077440,cceyLZQy9agglDZRVGQX2xW9VhMjbJhY106gIr3KkpqttpPDoL-cbd-yns_mEm6zEN1YpS-19iVc8w,False,354,False,50914,41,42,8.43,0.98,1212.24
NA1_5267146717,cceyLZQy9agglDZRVGQX2xW9VhMjbJhY106gIr3KkpqttpPDoL-cbd-yns_mEm6zEN1YpS-19iVc8w,True,137,True,12359,12,15,9.13,0.8,823.93
NA1_5267102243,cceyLZQy9agglDZRVGQX2xW9VhMjbJhY106gIr3KkpqttpPDoL-cbd-yns_mEm6zEN1YpS-19iVc8w,True,244,False,32078,24,27,9.04,0.89,1188.07
NA1_5266048243,cceyLZQy9agglDZRVGQX2xW9VhMjbJhY106gIr3KkpqttpPDoL-cbd-yns_mEm6zEN1YpS-19iVc8w,True,235,False,39784,41,26,9.04,1.58,1530.15
NA1_5266012555,cceyLZQy9agglDZRVGQX2xW9VhMjbJhY106gIr3KkpqttpPDoL-cbd-yns_mEm6zEN1YpS-19iVc8w,False,13,True,33751,36,29,0.45,1.24,1163.83
NA1_5265969188,cceyLZQy9agglDZRVGQX2xW9VhMjbJhY106gIr3KkpqttpPDoL-cbd-yns_mEm6zEN1YpS-19iVc8w,False,281,True,46019,29,39,7.21,0.74,1179.97
NA1_5265933196,cceyLZQy9agglDZRVGQX2xW9VhMjbJhY106gIr3KkpqttpPDoL-cbd-yns_mEm6zEN1YpS-19iVc8w,False,21,False,19234,40,32,0.66,1.25,601.06
NA1_5265910489,cceyLZQy9agglDZRVGQX2xW9VhMjbJhY106gIr3KkpqttpPDoL-cbd-yns_mEm6zEN1YpS-19iVc8w,False,1,True,6173,14,15,0.07,0.93,411.53
NA1_5265875594,cceyLZQy9agglDZRVGQX2xW9VhMjbJhY106gIr3KkpqttpPDoL-cbd-yns_mEm6zEN1YpS-19iVc8w,False,36,False,8919,20,27,1.33,0.74,330.33
NA1_5265839260,cceyLZQy9agglDZRVGQX2xW9VhMjbJhY106gIr3KkpqttpPDoL-cbd-yns_mEm6zEN1YpS-19iVc8w,True,253,False,22061,20,28,9.04,0.71,787.89
NA1_5265781357,cceyLZQy9agglDZRVGQX2xW9VhMjbJhY106gIr3KkpqttpPDoL-cbd-yns_mEm6zEN1YpS-19iVc8w,True,239,False,44586,26,29,8.24,0.9,1537.45
NA1_5265748138,cceyLZQy9agglDZRVGQX2xW9VhMjbJhY106gIr3KkpqttpPDoL-cbd-yns_mEm6zEN1YpS-19iVc8w,True,246,False,42626,27,31,7.94,0.87,1375.03
NA1_5263238906,cceyLZQy9agglDZRVGQX2xW9VhMjbJhY106gIr3KkpqttpPDoL-cbd-yns_mEm6zEN1YpS-19iVc8w,True,254,False,45909,30,28,9.07,1.07,1639.61
NA1_5263212460,cceyLZQy9agglDZRVGQX2xW9VhMjbJhY106gIr3KkpqttpPDoL-cbd-yns_mEm6zEN1YpS-19iVc8w,False,177,False,15541,25,26,6.81,0.96,597.73
NA1_5263178582,cceyLZQy9agglDZRVGQX2xW9VhMjbJhY106gIr3KkpqttpPDoL-cbd-yns_mEm6zEN1YpS-19iVc8w,False,233,False,36820,25,32,7.28,0.78,1150.62
NA1_5263159546,cceyLZQy9agglDZRVGQX2xW9VhMjbJhY106gIr3KkpqttpPDoL-cbd-yns_mEm6zEN1YpS-19iVc8w,True,133,True,11781,8,15,8.87,0.53,785.4
NA1_5263125966,cceyLZQy9agglDZRVGQX2xW9VhMjbJhY106gIr3KkpqttpPDoL-cbd-yns_mEm6zEN1YpS-19iVc8w,True,124,True,15014,6,15,8.27,0.4,1000.93
NA1_5263076993,cceyLZQy9agglDZRVGQX2xW9VhMjbJhY106gIr3KkpqttpPDoL-cbd-yns_mEm6zEN1YpS-19iVc8w,True,323,False,50571,35,39,8.28,0.9,1296.69
NA1_5263028660,cceyLZQy9agglDZRVGQX2xW9VhMjbJhY106gIr3KkpqttpPDoL-cbd-yns_mEm6zEN1YpS-19iVc8w,False,224,False,27782,23,31,7.23,0.74,896.19
NA1_5262937331,cceyLZQy9agglDZRVGQX2xW9VhMjbJhY106gIr3KkpqttpPDoL-cbd-yns_mEm6zEN1YpS-19iVc8w,False,183,False,24291,21,24,7.62,0.88,1012.12
NA1_5262899970,cceyLZQy9agglDZRVGQX2xW9VhMjbJhY106gIr3KkpqttpPDoL-cbd-yns_mEm6zEN1YpS-19iVc8w,True,189,False,34532,28,29,6.52,0.97,1190.76
NA1_5273987097,Bb79SpPa7Kgp8v4xDIoeWAIxhfQxLEnuQxqHod_BnopMf50ViqfC4OFKimDBeZ02O_-RhSbcncdOyw,True,52,False,40990,27,37,1.41,0.73,1107.84
NA1_5273341128,Bb79SpPa7Kgp8v4xDIoeWAIxhfQxLEnuQxqHod_BnopMf50ViqfC4OFKimDBeZ02O_-RhSbcncdOyw,False,10,False,25693,12,27,0.37,0.44,951.59
NA1_5271918235,Bb79SpPa7Kgp8v4xDIoeWAIxhfQxLEnuQxqHod_BnopMf50ViqfC4OFKimDBeZ02O_-RhSbcncdOyw,False,17,True,8543,12,20,0.85,0.6,427.15
NA1_5271827761,Bb79SpPa7Kgp8v4xDIoeWAIxhfQxLEnuQxqHod_BnopMf50ViqfC4OFKimDBeZ02O_-RhSbcncdOyw,False,14,True,5170,8,15,0.93,0.53,344.67
NA1_5271571022,Bb79SpPa7Kgp8v4xDIoeWAIxhfQxLEnuQxqHod_BnopMf50ViqfC4OFKimDBeZ02O_-RhSbcncdOyw,False,44,False,23488,30,36,1.22,0.83,652.44
NA1_5270454149,Bb79SpPa7Kgp8v4xDIoeWAIxhfQxLEnuQxqHod_BnopMf50ViqfC4OFKimDBeZ02O_-RhSbcncdOyw,False,21,False,32163,38,34,0.62,1.12,945.97
NA1_5269223878,Bb79SpPa7Kgp8v4xDIoeWAIxhfQxLEnuQxqHod_BnopMf50ViqfC4OFKimDBeZ02O_-RhSbcncdOyw,True,55,False,34993,29,40,1.38,0.72,874.82
NA1_5268977966,Bb79SpPa7Kgp8v4xDIoeWAIxhfQxLEnuQxqHod_BnopMf50ViqfC4OFKimDBeZ02O_-RhSbcncdOyw,True,39,False,24016,26,29,1.34,0.9,828.14
NA1_5267687558,Bb79SpPa7Kgp8v4xDIoeWAIxhfQxLEnuQxqHod_BnopMf50ViqfC4OFKimDBeZ02O_-RhSbcncdOyw,True,19,False,29285,22,27,0.7,0.81,1084.63
NA1_5267665190,Bb79SpPa7Kgp8v4xDIoeWAIxhfQxLEnuQxqHod_BnopMf50ViqfC4OFKimDBeZ02O_-RhSbcncdOyw,True,31,False,20643,16,24,1.29,0.67,860.12
NA1_5265839260,Bb79SpPa7Kgp8v4xDIoeWAIxhfQxLEnuQxqHod_BnopMf50ViqfC4OFKimDBeZ02O_-RhSbcncdOyw,False,42,False,12076,30,28,1.5,1.07,431.29
NA1_5265760910,Bb79SpPa7Kgp8v4xDIoeWAIxhfQxLEnuQxqHod_BnopMf50ViqfC4OFKimDBeZ02O_-RhSbcncdOyw,True,35,False,28173,24,30,1.17,0.8,939.1
NA1_5265719745,Bb79SpPa7Kgp8v4xDIoeWAIxhfQxLEnuQxqHod_BnopMf50ViqfC4OFKimDBeZ02O_-RhSbcncdOyw,True,36,False,26409,47,33,1.09,1.42,800.27
NA1_5264858502,Bb79SpPa7Kgp8v4xDIoeWAIxhfQxLEnuQxqHod_BnopMf50ViqfC4OFKimDBeZ02O_-RhSbcncdOyw,False,29,False,11629,10,23,1.26,0.43,505.61
NA1_5264134274,Bb79SpPa7Kgp8v4xDIoeWAIxhfQxLEnuQxqHod_BnopMf50ViqfC4OFKimDBeZ02O_-RhSbcncdOyw,True,22,False,17599,16,26,0.85,0.62,676.88
NA1_5263542962,Bb79SpPa7Kgp8v4xDIoeWAIxhfQxLEnuQxqHod_BnopMf50ViqfC4OFKimDBeZ02O_-RhSbcncdOyw,True,18,False,20086,20,27,0.67,0.74,743.93
NA1_5262092363,Bb79SpPa7Kgp8v4xDIoeWAIxhfQxLEnuQxqHod_BnopMf50ViqfC4OFKimDBeZ02O_-RhSbcncdOyw,True,22,True,23750,21,25,0.88,0.84,950.0
NA1_5260888805,Bb79SpPa7Kgp8v4xDIoeWAIxhfQxLEnuQxqHod_BnopMf50ViqfC4OFKimDBeZ02O_-RhSbcncdOyw,True,9,False,8454,16,22,0.41,0.73,384.27
NA1_5257892092,Bb79SpPa7Kgp8v4xDIoeWAIxhfQxLEnuQxqHod_BnopMf50ViqfC4OFKimDBeZ02O_-RhSbcncdOyw,False,20,False,23225,23,28,0.71,0.82,829.46
NA1_5257865213,Bb79SpPa7Kgp8v4xDIoeWAIxhfQxLEnuQxqHod_BnopMf50ViqfC4OFKimDBeZ02O_-RhSbcncdOyw,True,54,False,25518,25,30,1.8,0.83,850.6
NA1_5257304612,Bb79SpPa7Kgp8v4xDIoeWAIxhfQxLEnuQxqHod_BnopMf50ViqfC4OFKimDBeZ02O_-RhSbcncdOyw,True,15,False,15670,19,27,0.56,0.7,580.37
NA1_5256743666,Bb79SpPa7Kgp8v4xDIoeWAIxhfQxLEnuQxqHod_BnopMf50ViqfC4OFKimDBeZ02O_-RhSbcncdOyw,False,28,False,21320,32,36,0.78,0.89,592.22
NA1_5252685440,Bb79SpPa7Kgp8v4xDIoeWAIxhfQxLEnuQxqHod_BnopMf50ViqfC4OFKimDBeZ02O_-RhSbcncdOyw,False,23,False,16899,17,27,0.85,0.63,625.89
NA1_5250568398,Bb79SpPa7Kgp8v4xDIoeWAIxhfQxLEnuQxqHod_BnopMf50ViqfC4OFKimDBeZ02O_-RhSbcncdOyw,False,22,False,13296,19,30,0.73,0.63,443.2
NA1_5250244954,Bb79SpPa7Kgp8v4xDIoeWAIxhfQxLEnuQxqHod_BnopMf50ViqfC4OFKimDBeZ02O_-RhSbcncdOyw,True,13,True,18027,13,24,0.54,0.54,751.12
NA1_5249975873,Bb79SpPa7Kgp8v4xDIoeWAIxhfQxLEnuQxqHod_BnopMf50ViqfC4OFKimDBeZ02O_-RhSbcncdOyw,True,36,False,32216,37,33,1.09,1.12,976.24
NA1_5249548003,Bb79SpPa7Kgp8v4xDIoeWAIxhfQxLEnuQxqHod_BnopMf50ViqfC4OFKimDBeZ02O_-RhSbcncdOyw,True,13,False,14543,14,23,0.57,0.61,632.3
NA1_5248613551,Bb79SpPa7Kgp8v4xDIoeWAIxhfQxLEnuQxqHod_BnopMf50ViqfC4OFKimDBeZ02O_-RhSbcncdOyw,True,14,True,10546,24,21,0.67,1.14,502.19
NA1_5248500297,Bb79SpPa7Kgp8v4xDIoeWAIxhfQxLEnuQxqHod_BnopMf50ViqfC4OFKimDBeZ02O_-RhSbcncdOyw,True,42,False,21273,28,34,1.24,0.82,625.68
NA1_5246459572,Bb79SpPa7Kgp8v4xDIoeWAIxhfQxLEnuQxqHod_BnopMf50ViqfC4OFKimDBeZ02O_-RhSbcncdOyw,True,43,False,25105,24,29,1.48,0.83,865.69
NA1_5245972482,Bb79SpPa7Kgp8v4xDIoeWAIxhfQxLEnuQxqHod_BnopMf50ViqfC4OFKimDBeZ02O_-RhSbcncdOyw,True,16,True,13711,26,27,0.59,0.96,507.81
NA1_5245940860,Bb79SpPa7Kgp8v4xDIoeWAIxhfQxLEnuQxqHod_BnopMf50ViqfC4OFKimDBeZ02O_-RhSbcncdOyw,True,28,True,19402,37,34,0.82,1.09,570.65
NA1_5244742893,Bb79SpPa7Kgp8v4xDIoeWAIxhfQxLEnuQxqHod_BnopMf50ViqfC4OFKimDBeZ02O_-RhSbcncdOyw,False,35,True,47479,25,34,1.03,0.74,1396.44
NA1_5244069785,Bb79SpPa7Kgp8v4xDIoeWAIxhfQxLEnuQxqHod_BnopMf50ViqfC4OFKimDBeZ02O_-RhSbcncdOyw,True,28,False,16395,19,26,1.08,0.73,630.58
NA1_5244040083,Bb79SpPa7Kgp8v4xDIoeWAIxhfQxLEnuQxqHod_BnopMf50ViqfC4OFKimDBeZ02O_-RhSbcncdOyw,True,2,True,5758,6,17,0.12,0.35,338.71
NA1_5244011606,Bb79SpPa7Kgp8v4xDIoeWAIxhfQxLEnuQxqHod_BnopMf50ViqfC4OFKimDBeZ02O_-RhSbcncdOyw,True,24,False,24367,25,28,0.86,0.89,870.25
NA1_5243434403,Bb79SpPa7Kgp8v4xDIoeWAIxhfQxLEnuQxqHod_BnopMf50ViqfC4OFKimDBeZ02O_-RhSbcncdOyw,True,22,False,34536,29,33,0.67,0.88,1046.55
NA1_5243401926,Bb79SpPa7Kgp8v4xDIoeWAIxhfQxLEnuQxqHod_BnopMf50ViqfC4OFKimDBeZ02O_-RhSbcncdOyw,False,10,True,13199,17,23,0.43,0.74,573.87
NA1_5242857700,Bb79SpPa7Kgp8v4xDIoeWAIxhfQxLEnuQxqHod_BnopMf50ViqfC4OFKimDBeZ02O_-RhSbcncdOyw,False,8,True,18465,23,28,0.29,0.82,659.46
NA1_5242801404,Bb79SpPa7Kgp8v4xDIoeWAIxhfQxLEnuQxqHod_BnopMf50ViqfC4OFKimDBeZ02O_-RhSbcncdOyw,False,32,False,13619,23,33,0.97,0.7,412.7
NA1_5242770426,Bb79SpPa7Kgp8v4xDIoeWAIxhfQxLEnuQxqHod_BnopMf50ViqfC4OFKimDBeZ02O_-RhSbcncdOyw,False,13,True,5334,10,19,0.68,0.53,280.74
NA1_5242242739,Bb79SpPa7Kgp8v4xDIoeWAIxhfQxLEnuQxqHod_BnopMf50ViqfC4OFKimDBeZ02O_-RhSbcncdOyw,False,32,False,16408,22,26,1.23,0.85,631.08
NA1_5241542622,Bb79SpPa7Kgp8v4xDIoeWAIxhfQxLEnuQxqHod_BnopMf50ViqfC4OFKimDBeZ02O_-RhSbcncdOyw,True,17,False,16667,22,31,0.55,0.71,537.65
NA1_5241153950,Bb79SpPa7Kgp8v4xDIoeWAIxhfQxLEnuQxqHod_BnopMf50ViqfC4OFKimDBeZ02O_-RhSbcncdOyw,True,16,False,18516,22,28,0.57,0.79,661.29
NA1_5241078524,Bb79SpPa7Kgp8v4xDIoeWAIxhfQxLEnuQxqHod_BnopMf50ViqfC4OFKimDBeZ02O_-RhSbcncdOyw,True,13,True,10442,21,19,0.68,1.11,549.58
NA1_5240722694,Bb79SpPa7Kgp8v4xDIoeWAIxhfQxLEnuQxqHod_BnopMf50ViqfC4OFKimDBeZ02O_-RhSbcncdOyw,False,16,True,10277,13,21,0.76,0.62,489.38
NA1_5240690832,Bb79SpPa7Kgp8v4xDIoeWAIxhfQxLEnuQxqHod_BnopMf50ViqfC4OFKimDBeZ02O_-RhSbcncdOyw,True,30,False,16751,18,22,1.36,0.82,761.41
NA1_5240642133,Bb79SpPa7Kgp8v4xDIoeWAIxhfQxLEnuQxqHod_BnopMf50ViqfC4OFKimDBeZ02O_-RhSbcncdOyw,False,217,True,25519,12,31,7.0,0.39,823.19
NA1_5240621248,Bb79SpPa7Kgp8v4xDIoeWAIxhfQxLEnuQxqHod_BnopMf50ViqfC4OFKimDBeZ02O_-RhSbcncdOyw,True,14,True,7731,19,16,0.88,1.19,483.19
NA1_5273423007,xmiQxjM4M6GtZ_YHPjipfYqsHCoNzG1l1RVd3sDRzPjuGRhE8j166oqZrW0nhgkwW-dRu1MEGmueSQ,False,211,False,21634,18,29,7.28,0.62,746.0
NA1_5272820331,xmiQxjM4M6GtZ_YHPjipfYqsHCoNzG1l1RVd3sDRzPjuGRhE8j166oqZrW0nhgkwW-dRu1MEGmueSQ,True,159,True,15024,11,15,10.6,0.73,1001.6
NA1_5272788354,xmiQxjM4M6GtZ_YHPjipfYqsHCoNzG1l1RVd3sDRzPjuGRhE8j166oqZrW0nhgkwW-dRu1MEGmueSQ,True,240,False,58661,35,35,6.86,1.0,1676.03
NA1_5272759913,xmiQxjM4M6GtZ_YHPjipfYqsHCoNzG1l1RVd3sDRzPjuGRhE8j166oqZrW0nhgkwW-dRu1MEGmueSQ,True,199,False,29612,21,22,9.05,0.95,1346.0
NA1_5272732957,xmiQxjM4M6GtZ_YHPjipfYqsHCoNzG1l1RVd3sDRzPjuGRhE8j166oqZrW0nhgkwW-dRu1MEGmueSQ,False,267,False,26563,30,29,9.21,1.03,915.97
NA1_5272704941,xmiQxjM4M6GtZ_YHPjipfYqsHCoNzG1l1RVd3sDRzPjuGRhE8j166oqZrW0nhgkwW-dRu1MEGmueSQ,True,173,False,12612,13,17,10.18,0.76,741.88
NA1_5272687491,xmiQxjM4M6GtZ_YHPjipfYqsHCoNzG1l1RVd3sDRzPjuGRhE8j166oqZrW0nhgkwW-dRu1MEGmueSQ,False,150,True,8733,14,15,10.0,0.93,582.2
NA1_5272668190,xmiQxjM4M6GtZ_YHPjipfYqsHCoNzG1l1RVd3sDRzPjuGRhE8j166oqZrW0nhgkwW-dRu1MEGmueSQ,True,271,False,29256,23,27,10.04,0.85,1083.56
NA1_5272640046,xmiQxjM4M6GtZ_YHPjipfYqsHCoNzG1l1RVd3sDRzPjuGRhE8j166oqZrW0nhgkwW-dRu1MEGmueSQ,False,180,True,16751,20,25,7.2,0.8,670.04
NA1_5272615819,xmiQxjM4M6GtZ_YHPjipfYqsHCoNzG1l1RVd3sDRzPjuGRhE8j166oqZrW0nhgkwW-dRu1MEGmueSQ,True,225,False,39192,39,30,7.5,1.3,1306.4
NA1_5272265971,xmiQxjM4M6GtZ_YHPjipfYqsHCoNzG1l1RVd3sDRzPjuGRhE8j166oqZrW0nhgkwW-dRu1MEGmueSQ,False,309,False,25520,24,31,9.97,0.77,823.23
NA1_5272241251,xmiQxjM4M6GtZ_YHPjipfYqsHCoNzG1l1RVd3sDRzPjuGRhE8j166oqZrW0nhgkwW-dRu1MEGmueSQ,True,175,False,10889,10,19,9.21,0.53,573.11
NA1_5272203793,xmiQxjM4M6GtZ_YHPjipfYqsHCoNzG1l1RVd3sDRzPjuGRhE8j166oqZrW0nhgkwW-dRu1MEGmueSQ,True,228,False,38562,18,25,9.12,0.72,1542.48
NA1_5272151346,xmiQxjM4M6GtZ_YHPjipfYqsHCoNzG1l1RVd3sDRzPjuGRhE8j166oqZrW0nhgkwW-dRu1MEGmueSQ,True,257,False,41384,28,35,7.34,0.8,1182.4
NA1_5272117063,xmiQxjM4M6GtZ_YHPjipfYqsHCoNzG1l1RVd3sDRzPjuGRhE8j166oqZrW0nhgkwW-dRu1MEGmueSQ,True,194,False,37830,23,28,6.93,0.82,1351.07
NA1_5272086932,xmiQxjM4M6GtZ_YHPjipfYqsHCoNzG1l1RVd3sDRzPjuGRhE8j166oqZrW0nhgkwW-dRu1MEGmueSQ,True,204,True,32650,29,28,7.29,1.04,1166.07
NA1_5270863364,xmiQxjM4M6GtZ_YHPjipfYqsHCoNzG1l1RVd3sDRzPjuGRhE8j166oqZrW0nhgkwW-dRu1MEGmueSQ,True,201,False,27189,21,29,6.93,0.72,937.55
NA1_5270841757,xmiQxjM4M6GtZ_YHPjipfYqsHCoNzG1l1RVd3sDRzPjuGRhE8j166oqZrW0nhgkwW-dRu1MEGmueSQ,True,123,True,10045,7,15,8.2,0.47,669.67
NA1_5270805738,xmiQxjM4M6GtZ_YHPjipfYqsHCoNzG1l1RVd3sDRzPjuGRhE8j166oqZrW0nhgkwW-dRu1MEGmueSQ,False,217,False,27380,29,28,7.75,1.04,977.86
NA1_5270761533,xmiQxjM4M6GtZ_YHPjipfYqsHCoNzG1l1RVd3sDRzPjuGRhE8j166oqZrW0nhgkwW-dRu1MEGmueSQ,False,32,True,32015,24,34,0.94,0.71,941.62
NA1_5270741520,xmiQxjM4M6GtZ_YHPjipfYqsHCoNzG1l1RVd3sDRzPjuGRhE8j166oqZrW0nhgkwW-dRu1MEGmueSQ,True,152,True,12492,8,15,10.13,0.53,832.8
NA1_5270413691,xmiQxjM4M6GtZ_YHPjipfYqsHCoNzG1l1RVd3sDRzPjuGRhE8j166oqZrW0nhgkwW-dRu1MEGmueSQ,False,211,False,21132,22,27,7.81,0.81,782.67
NA1_5270119003,xmiQxjM4M6GtZ_YHPjipfYqsHCoNzG1l1RVd3sDRzPjuGRhE8j166oqZrW0nhgkwW-dRu1MEGmueSQ,True,187,False,28074,20,24,7.79,0.83,1169.75
NA1_5270083565,xmiQxjM4M6GtZ_YHPjipfYqsHCoNzG1l1RVd3sDRzPjuGRhE8j166oqZrW0nhgkwW-dRu1MEGmueSQ,False,225,False,25944,24,30,7.5,0.8,864.8
NA1_5269482320,xmiQxjM4M6GtZ_YHPjipfYqsHCoNzG1l1RVd3sDRzPjuGRhE8j166oqZrW0nhgkwW-dRu1MEGmueSQ,True,266,False,34375,28,31,8.58,0.9,1108.87
NA1_5269456439,xmiQxjM4M6GtZ_YHPjipfYqsHCoNzG1l1RVd3sDRzPjuGRhE8j166oqZrW0nhgkwW-dRu1MEGmueSQ,False,239,False,16733,21,27,8.85,0.78,619.74
NA1_5269434952,xmiQxjM4M6GtZ_YHPjipfYqsHCoNzG1l1RVd3sDRzPjuGRhE8j166oqZrW0nhgkwW-dRu1MEGmueSQ,False,151,True,7233,12,16,9.44,0.75,452.06
NA1_5269412960,xmiQxjM4M6GtZ_YHPjipfYqsHCoNzG1l1RVd3sDRzPjuGRhE8j166oqZrW0nhgkwW-dRu1MEGmueSQ,False,192,False,28537,22,23,8.35,0.96,1240.74
NA1_5269366931,xmiQxjM4M6GtZ_YHPjipfYqsHCoNzG1l1RVd3sDRzPjuGRhE8j166oqZrW0nhgkwW-dRu1MEGmueSQ,True,191,True,21678,19,26,7.35,0.73,833.77
NA1_5269344678,xmiQxjM4M6GtZ_YHPjipfYqsHCoNzG1l1RVd3sDRzPjuGRhE8j166oqZrW0nhgkwW-dRu1MEGmueSQ,True,135,True,8927,16,15,9.0,1.07,595.13
NA1_5269301630,xmiQxjM4M6GtZ_YHPjipfYqsHCoNzG1l1RVd3sDRzPjuGRhE8j166oqZrW0nhgkwW-dRu1MEGmueSQ,False,184,True,29772,27,26,7.08,1.04,1145.08
NA1_5269269295,xmiQxjM4M6GtZ_YHPjipfYqsHCoNzG1l1RVd3sDRzPjuGRhE8j166oqZrW0nhgkwW-dRu1MEGmueSQ,True,240,True,36880,17,26,9.23,0.65,1418.46
NA1_5269223878,xmiQxjM4M6GtZ_YHPjipfYqsHCoNzG1l1RVd3sDRzPjuGRhE8j166oqZrW0nhgkwW-dRu1MEGmueSQ,True,269,False,80055,42,40,6.72,1.05,2001.38
NA1_5269178745,xmiQxjM4M6GtZ_YHPjipfYqsHCoNzG1l1RVd3sDRzPjuGRhE8j166oqZrW0nhgkwW-dRu1MEGmueSQ,True,249,False,33985,24,27,9.22,0.89,1258.7
NA1_5269125144,xmiQxjM4M6GtZ_YHPjipfYqsHCoNzG1l1RVd3sDRzPjuGRhE8j166oqZrW0nhgkwW-dRu1MEGmueSQ,True,208,False,21826,15,24,8.67,0.62,909.42
NA1_5269087165,xmiQxjM4M6GtZ_YHPjipfYqsHCoNzG1l1RVd3sDRzPjuGRhE8j166oqZrW0nhgkwW-dRu1MEGmueSQ,True,205,True,33729,20,22,9.32,0.91,1533.14
NA1_5268769873,xmiQxjM4M6GtZ_YHPjipfYqsHCoNzG1l1RVd3sDRzPjuGRhE8j166oqZrW0nhgkwW-dRu1MEGmueSQ,False,241,False,30869,38,28,8.61,1.36,1102.46
NA1_5268740939,xmiQxjM4M6GtZ_YHPjipfYqsHCoNzG1l1RVd3sDRzPjuGRhE8j166oqZrW0nhgkwW-dRu1MEGmueSQ,True,143,True,15398,10,18,7.94,0.56,855.44
NA1_5268709324,xmiQxjM4M6GtZ_YHPjipfYqsHCoNzG1l1RVd3sDRzPjuGRhE8j166oqZrW0nhgkwW-dRu1MEGmueSQ,False,249,False,28263,23,30,8.3,0.77,942.1
NA1_5268553970,xmiQxjM4M6GtZ_YHPjipfYqsHCoNzG1l1RVd3sDRzPjuGRhE8j166oqZrW0nhgkwW-dRu1MEGmueSQ,False,266,False,45082,33,34,7.82,0.97,1325.94
NA1_5268119470,xmiQxjM4M6GtZ_YHPjipfYqsHCoNzG1l1RVd3sDRzPjuGRhE8j166oqZrW0nhgkwW-dRu1MEGmueSQ,True,215,True,21705,15,23,9.35,0.65,943.7
NA1_5268097204,xmiQxjM4M6GtZ_YHPjipfYqsHCoNzG1l1RVd3sDRzPjuGRhE8j166oqZrW0nhgkwW-dRu1MEGmueSQ,False,195,True,18569,26,24,8.12,1.08,773.71
NA1_5268071160,xmiQxjM4M6GtZ_YHPjipfYqsHCoNzG1l1RVd3sDRzPjuGRhE8j166oqZrW0nhgkwW-dRu1MEGmueSQ,True,196,False,25724,34,26,7.54,1.31,989.38
NA1_5268051037,xmiQxjM4M6GtZ_YHPjipfYqsHCoNzG1l1RVd3sDRzPjuGRhE8j166oqZrW0nhgkwW-dRu1MEGmueSQ,True,202,False,11460,22,19,10.63,1.16,603.16
NA1_5268018153,xmiQxjM4M6GtZ_YHPjipfYqsHCoNzG1l1RVd3sDRzPjuGRhE8j166oqZrW0nhgkwW-dRu1MEGmueSQ,False,194,True,15537,13,23,8.43,0.57,675.52
NA1_5267988087,xmiQxjM4M6GtZ_YHPjipfYqsHCoNzG1l1RVd3sDRzPjuGRhE8j166oqZrW0nhgkwW-dRu1MEGmueSQ,False,273,False,21724,19,29,9.41,0.66,749.1
NA1_5267955010,xmiQxjM4M6GtZ_YHPjipfYqsHCoNzG1l1RVd3sDRzPjuGRhE8j166oqZrW0nhgkwW-dRu1MEGmueSQ,False,185,True,18161,14,24,7.71,0.58,756.71
NA1_5267911727,xmiQxjM4M6GtZ_YHPjipfYqsHCoNzG1l1RVd3sDRzPjuGRhE8j166oqZrW0nhgkwW-dRu1MEGmueSQ,False,253,False,38851,35,39,6.49,0.9,996.18
NA1_5267333302,xmiQxjM4M6GtZ_YHPjipfYqsHCoNzG1l1RVd3sDRzPjuGRhE8j166oqZrW0nhgkwW-dRu1MEGmueSQ,False,253,False,39638,28,29,8.72,0.97,1366.83
NA1_5267300807,xmiQxjM4M6GtZ_YHPjipfYqsHCoNzG1l1RVd3sDRzPjuGRhE8j166oqZrW0nhgkwW-dRu1MEGmueSQ,False,240,False,25461,14,28,8.57,0.5,909.32
NA1_5272325344,xpu0AnH9KSpRdlzLRuZ3x8UaJ5dXYDYgBpPv_fTFrdlY3GevT5cGZNd01AmUJH-dq_fPNDm-tLKTTw,False,208,False,31296,20,27,7.7,0.74,1159.11
NA1_5272299694,xpu0AnH9KSpRdlzLRuZ3x8UaJ5dXYDYgBpPv_fTFrdlY3GevT5cGZNd01AmUJH-dq_fPNDm-tLKTTw,True,197,False,29487,23,31,6.35,0.74,951.19
NA1_5272109881,xpu0AnH9KSpRdlzLRuZ3x8UaJ5dXYDYgBpPv_fTFrdlY3GevT5cGZNd01AmUJH-dq_fPNDm-tLKTTw,True,242,False,32526,32,35,6.91,0.91,929.31
NA1_5272066072,xpu0AnH9KSpRdlzLRuZ3x8UaJ5dXYDYgBpPv_fTFrdlY3GevT5cGZNd01AmUJH-dq_fPNDm-tLKTTw,True,240,False,26733,21,37,6.49,0.57,722.51
NA1_5271502379,xpu0AnH9KSpRdlzLRuZ3x8UaJ5dXYDYgBpPv_fTFrdlY3GevT5cGZNd01AmUJH-dq_fPNDm-tLKTTw,False,202,False,31044,19,30,6.73,0.63,1034.8
NA1_5271453308,xpu0AnH9KSpRdlzLRuZ3x8UaJ5dXYDYgBpPv_fTFrdlY3GevT5cGZNd01AmUJH-dq_fPNDm-tLKTTw,True,230,True,30280,13,25,9.2,0.52,1211.2
NA1_5271416252,xpu0AnH9KSpRdlzLRuZ3x8UaJ5dXYDYgBpPv_fTFrdlY3GevT5cGZNd01AmUJH-dq_fPNDm-tLKTTw,False,241,False,19372,20,30,8.03,0.67,645.73
NA1_5270847881,xpu0AnH9KSpRdlzLRuZ3x8UaJ5dXYDYgBpPv_fTFrdlY3GevT5cGZNd01AmUJH-dq_fPNDm-tLKTTw,False,227,False,27510,10,29,7.83,0.34,948.62
NA1_5270822092,xpu0AnH9KSpRdlzLRuZ3x8UaJ5dXYDYgBpPv_fTFrdlY3GevT5cGZNd01AmUJH-dq_fPNDm-tLKTTw,True,144,True,22931,8,19,7.58,0.42,1206.89
NA1_5270780758,xpu0AnH9KSpRdlzLRuZ3x8UaJ5dXYDYgBpPv_fTFrdlY3GevT5cGZNd01AmUJH-dq_fPNDm-tLKTTw,True,307,False,44006,27,34,9.03,0.79,1294.29
NA1_5270749661,xpu0AnH9KSpRdlzLRuZ3x8UaJ5dXYDYgBpPv_fTFrdlY3GevT5cGZNd01AmUJH-dq_fPNDm-tLKTTw,False,19,True,3175,20,16,1.19,1.25,198.44
NA1_5270678081,xpu0AnH9KSpRdlzLRuZ3x8UaJ5dXYDYgBpPv_fTFrdlY3GevT5cGZNd01AmUJH-dq_fPNDm-tLKTTw,True,288,False,24241,24,34,8.47,0.71,712.97
NA1_5270647569,xpu0AnH9KSpRdlzLRuZ3x8UaJ5dXYDYgBpPv_fTFrdlY3GevT5cGZNd01AmUJH-dq_fPNDm-tLKTTw,True,268,True,30970,18,32,8.38,0.56,967.81
NA1_5270627672,xpu0AnH9KSpRdlzLRuZ3x8UaJ5dXYDYgBpPv_fTFrdlY3GevT5cGZNd01AmUJH-dq_fPNDm-tLKTTw,False,150,False,11087,11,18,8.33,0.61,615.94
NA1_5270094895,xpu0AnH9KSpRdlzLRuZ3x8UaJ5dXYDYgBpPv_fTFrdlY3GevT5cGZNd01AmUJH-dq_fPNDm-tLKTTw,False,156,True,10965,13,20,7.8,0.65,548.25
NA1_5270050432,xpu0AnH9KSpRdlzLRuZ3x8UaJ5dXYDYgBpPv_fTFrdlY3GevT5cGZNd01AmUJH-dq_fPNDm-tLKTTw,False,240,False,24599,8,28,8.57,0.29,878.54
NA1_5269997156,xpu0AnH9KSpRdlzLRuZ3x8UaJ5dXYDYgBpPv_fTFrdlY3GevT5cGZNd01AmUJH-dq_fPNDm-tLKTTw,False,381,True,64997,47,44,8.66,1.07,1477.2
NA1_5269953193,xpu0AnH9KSpRdlzLRuZ3x8UaJ5dXYDYgBpPv_fTFrdlY3GevT5cGZNd01AmUJH-dq_fPNDm-tLKTTw,False,218,False,30340,19,28,7.79,0.68,1083.57
NA1_5269918138,xpu0AnH9KSpRdlzLRuZ3x8UaJ5dXYDYgBpPv_fTFrdlY3GevT5cGZNd01AmUJH-dq_fPNDm-tLKTTw,False,192,False,26445,13,29,6.62,0.45,911.9
NA1_5269859747,xpu0AnH9KSpRdlzLRuZ3x8UaJ5dXYDYgBpPv_fTFrdlY3GevT5cGZNd01AmUJH-dq_fPNDm-tLKTTw,False,150,True,16441,7,20,7.5,0.35,822.05
NA1_5269479021,xpu0AnH9KSpRdlzLRuZ3x8UaJ5dXYDYgBpPv_fTFrdlY3GevT5cGZNd01AmUJH-dq_fPNDm-tLKTTw,True,226,True,19205,22,24,9.42,0.92,800.21
NA1_5269449400,xpu0AnH9KSpRdlzLRuZ3x8UaJ5dXYDYgBpPv_fTFrdlY3GevT5cGZNd01AmUJH-dq_fPNDm-tLKTTw,True,192,True,23169,24,27,7.11,0.89,858.11
NA1_5269434952,xpu0AnH9KSpRdlzLRuZ3x8UaJ5dXYDYgBpPv_fTFrdlY3GevT5cGZNd01AmUJH-dq_fPNDm-tLKTTw,False,122,True,9528,5,16,7.62,0.31,595.5
NA1_5269366931,xpu0AnH9KSpRdlzLRuZ3x8UaJ5dXYDYgBpPv_fTFrdlY3GevT5cGZNd01AmUJH-dq_fPNDm-tLKTTw,True,193,True,34730,17,26,7.42,0.65,1335.77
NA1_5269316523,xpu0AnH9KSpRdlzLRuZ3x8UaJ5dXYDYgBpPv_fTFrdlY3GevT5cGZNd01AmUJH-dq_fPNDm-tLKTTw,True,295,False,62440,35,42,7.02,0.83,1486.67
NA1_5268527873,xpu0AnH9KSpRdlzLRuZ3x8UaJ5dXYDYgBpPv_fTFrdlY3GevT5cGZNd01AmUJH-dq_fPNDm-tLKTTw,True,233,True,34451,13,22,10.59,0.59,1565.95
NA1_5268502196,xpu0AnH9KSpRdlzLRuZ3x8UaJ5dXYDYgBpPv_fTFrdlY3GevT5cGZNd01AmUJH-dq_fPNDm-tLKTTw,False,196,True,16315,13,23,8.52,0.57,709.35
NA1_5268481305,xpu0AnH9KSpRdlzLRuZ3x8UaJ5dXYDYgBpPv_fTFrdlY3GevT5cGZNd01AmUJH-dq_fPNDm-tLKTTw,False,129,True,6569,8,15,8.6,0.53,437.93
NA1_5267283417,xpu0AnH9KSpRdlzLRuZ3x8UaJ5dXYDYgBpPv_fTFrdlY3GevT5cGZNd01AmUJH-dq_fPNDm-tLKTTw,False,139,True,8500,7,20,6.95,0.35,425.0
NA1_5267250820,xpu0AnH9KSpRdlzLRuZ3x8UaJ5dXYDYgBpPv_fTFrdlY3GevT5cGZNd01AmUJH-dq_fPNDm-tLKTTw,False,268,False,48288,23,33,8.12,0.7,1463.27
NA1_5267204493,xpu0AnH9KSpRdlzLRuZ3x8UaJ5dXYDYgBpPv_fTFrdlY3GevT5cGZNd01AmUJH-dq_fPNDm-tLKTTw,True,277,False,28441,16,28,9.89,0.57,1015.75
NA1_5267155308,xpu0AnH9KSpRdlzLRuZ3x8UaJ5dXYDYgBpPv_fTFrdlY3GevT5cGZNd01AmUJH-dq_fPNDm-tLKTTw,True,143,True,20733,15,19,7.53,0.79,1091.21
NA1_5267126238,xpu0AnH9KSpRdlzLRuZ3x8UaJ5dXYDYgBpPv_fTFrdlY3GevT5cGZNd01AmUJH-dq_fPNDm-tLKTTw,True,245,False,25372,14,30,8.17,0.47,845.73
NA1_5267090251,xpu0AnH9KSpRdlzLRuZ3x8UaJ5dXYDYgBpPv_fTFrdlY3GevT5cGZNd01AmUJH-dq_fPNDm-tLKTTw,True,406,False,49096,33,48,8.46,0.69,1022.83
NA1_5267067845,xpu0AnH9KSpRdlzLRuZ3x8UaJ5dXYDYgBpPv_fTFrdlY3GevT5cGZNd01AmUJH-dq_fPNDm-tLKTTw,False,229,False,40953,20,33,6.94,0.61,1241.0
NA1_5267044644,xpu0AnH9KSpRdlzLRuZ3x8UaJ5dXYDYgBpPv_fTFrdlY3GevT5cGZNd01AmUJH-dq_fPNDm-tLKTTw,False,176,True,12297,17,27,6.52,0.63,455.44
NA1_5263777741,xpu0AnH9KSpRdlzLRuZ3x8UaJ5dXYDYgBpPv_fTFrdlY3GevT5cGZNd01AmUJH-dq_fPNDm-tLKTTw,True,245,False,19432,14,30,8.17,0.47,647.73
NA1_5263745965,xpu0AnH9KSpRdlzLRuZ3x8UaJ5dXYDYgBpPv_fTFrdlY3GevT5cGZNd01AmUJH-dq_fPNDm-tLKTTw,False,175,True,14486,13,23,7.61,0.57,629.83
NA1_5263717216,xpu0AnH9KSpRdlzLRuZ3x8UaJ5dXYDYgBpPv_fTFrdlY3GevT5cGZNd01AmUJH-dq_fPNDm-tLKTTw,True,199,False,22278,13,24,8.29,0.54,928.25
NA1_5262579889,xpu0AnH9KSpRdlzLRuZ3x8UaJ5dXYDYgBpPv_fTFrdlY3GevT5cGZNd01AmUJH-dq_fPNDm-tLKTTw,True,29,False,24751,21,26,1.12,0.81,951.96
NA1_5262509626,xpu0AnH9KSpRdlzLRuZ3x8UaJ5dXYDYgBpPv_fTFrdlY3GevT5cGZNd01AmUJH-dq_fPNDm-tLKTTw,False,176,False,30019,15,26,6.77,0.58,1154.58
NA1_5262464405,xpu0AnH9KSpRdlzLRuZ3x8UaJ5dXYDYgBpPv_fTFrdlY3GevT5cGZNd01AmUJH-dq_fPNDm-tLKTTw,True,291,False,50730,23,41,7.1,0.56,1237.32
NA1_5262428789,xpu0AnH9KSpRdlzLRuZ3x8UaJ5dXYDYgBpPv_fTFrdlY3GevT5cGZNd01AmUJH-dq_fPNDm-tLKTTw,True,268,True,63134,32,38,7.05,0.84,1661.42
NA1_5262405206,xpu0AnH9KSpRdlzLRuZ3x8UaJ5dXYDYgBpPv_fTFrdlY3GevT5cGZNd01AmUJH-dq_fPNDm-tLKTTw,True,141,True,12492,5,15,9.4,0.33,832.8
NA1_5262340425,xpu0AnH9KSpRdlzLRuZ3x8UaJ5dXYDYgBpPv_fTFrdlY3GevT5cGZNd01AmUJH-dq_fPNDm-tLKTTw,True,237,True,43809,20,29,8.17,0.69,1510.66
NA1_5261756305,xpu0AnH9KSpRdlzLRuZ3x8UaJ5dXYDYgBpPv_fTFrdlY3GevT5cGZNd01AmUJH-dq_fPNDm-tLKTTw,False,251,False,47418,13,32,7.84,0.41,1481.81
NA1_5261676546,xpu0AnH9KSpRdlzLRuZ3x8UaJ5dXYDYgBpPv_fTFrdlY3GevT5cGZNd01AmUJH-dq_fPNDm-tLKTTw,True,265,False,36274,42,37,7.16,1.14,980.38
NA1_5261642627,xpu0AnH9KSpRdlzLRuZ3x8UaJ5dXYDYgBpPv_fTFrdlY3GevT5cGZNd01AmUJH-dq_fPNDm-tLKTTw,False,237,False,17761,26,31,7.65,0.84,572.94
NA1_5261611613,xpu0AnH9KSpRdlzLRuZ3x8UaJ5dXYDYgBpPv_fTFrdlY3GevT5cGZNd01AmUJH-dq_fPNDm-tLKTTw,True,176,True,26552,12,24,7.33,0.5,1106.33
NA1_5272525027,rGcR4yOo7mufEG9QIraEP5CE5imM-dtVHI3FpDuyZVGL2ESCpxGgbBsh-juaT7nVTIqDlhv7NKRYmg,False,230,False,11864,7,27,8.52,0.26,439.41
NA1_5274277456,ZQHlTam0vGGHyOsX4nfcpSq0AsT757Iu6uGCy0lwajeKF95K6GRCMO5AZjWAa-wB464bAYdY2UrM6Q,False,245,False,41560,59,41,5.98,1.44,1013.66
NA1_5274259984,ZQHlTam0vGGHyOsX4nfcpSq0AsT757Iu6uGCy0lwajeKF95K6GRCMO5AZjWAa-wB464bAYdY2UrM6Q,False,326,False,47577,42,40,8.15,1.05,1189.42
NA1_5274241044,ZQHlTam0vGGHyOsX4nfcpSq0AsT757Iu6uGCy0lwajeKF95K6GRCMO5AZjWAa-wB464bAYdY2UrM6Q,False,237,False,16671,19,26,9.12,0.73,641.19
NA1_5274200277,ZQHlTam0vGGHyOsX4nfcpSq0AsT757Iu6uGCy0lwajeKF95K6GRCMO5AZjWAa-wB464bAYdY2UrM6Q,True,291,False,56213,16,40,7.28,0.4,1405.32
NA1_5274170446,ZQHlTam0vGGHyOsX4nfcpSq0AsT757Iu6uGCy0lwajeKF95K6GRCMO5AZjWAa-wB464bAYdY2UrM6Q,True,247,False,22883,16,29,8.52,0.55,789.07
NA1_5274149974,ZQHlTam0vGGHyOsX4nfcpSq0AsT757Iu6uGCy0lwajeKF95K6GRCMO5AZjWAa-wB464bAYdY2UrM6Q,True,187,True,20029,18,24,7.79,0.75,834.54
NA1_5274116533,ZQHlTam0vGGHyOsX4nfcpSq0AsT757Iu6uGCy0lwajeKF95K6GRCMO5AZjWAa-wB464bAYdY2UrM6Q,False,224,False,25381,41,29,7.72,1.41,875.21
NA1_5274082575,ZQHlTam0vGGHyOsX4nfcpSq0AsT757Iu6uGCy0lwajeKF95K6GRCMO5AZjWAa-wB464bAYdY2UrM6Q,True,227,False,18556,17,28,8.11,0.61,662.71
NA1_5273883212,ZQHlTam0vGGHyOsX4nfcpSq0AsT757Iu6uGCy0lwajeKF95K6GRCMO5AZjWAa-wB464bAYdY2UrM6Q,True,240,False,36457,27,32,7.5,0.84,1139.28
NA1_5273644257,ZQHlTam0vGGHyOsX4nfcpSq0AsT757Iu6uGCy0lwajeKF95K6GRCMO5AZjWAa-wB464bAYdY2UrM6Q,False,215,False,28823,23,29,7.41,0.79,993.9
NA1_5273629023,ZQHlTam0vGGHyOsX4nfcpSq0AsT757Iu6uGCy0lwajeKF95K6GRCMO5AZjWAa-wB464bAYdY2UrM6Q,True,206,True,9250,22,23,8.96,0.96,402.17
NA1_5273606067,ZQHlTam0vGGHyOsX4nfcpSq0AsT757Iu6uGCy0lwajeKF95K6GRCMO5AZjWAa-wB464bAYdY2UrM6Q,False,211,False,24034,30,32,6.59,0.94,751.06
NA1_5273569621,ZQHlTam0vGGHyOsX4nfcpSq0AsT757Iu6uGCy0lwajeKF95K6GRCMO5AZjWAa-wB464bAYdY2UrM6Q,True,285,False,44004,30,38,7.5,0.79,1158.0
NA1_5273518673,ZQHlTam0vGGHyOsX4nfcpSq0AsT757Iu6uGCy0lwajeKF95K6GRCMO5AZjWAa-wB464bAYdY2UrM6Q,True,244,False,32851,22,37,6.59,0.59,887.86
NA1_5273494666,ZQHlTam0vGGHyOsX4nfcpSq0AsT757Iu6uGCy0lwajeKF95K6GRCMO5AZjWAa-wB464bAYdY2UrM6Q,False,148,True,12216,9,18,8.22,0.5,678.67
NA1_5273458569,ZQHlTam0vGGHyOsX4nfcpSq0AsT757Iu6uGCy0lwajeKF95K6GRCMO5AZjWAa-wB464bAYdY2UrM6Q,False,154,True,26049,9,23,6.7,0.39,1132.57
NA1_5273423007,ZQHlTam0vGGHyOsX4nfcpSq0AsT757Iu6uGCy0lwajeKF95K6GRCMO5AZjWAa-wB464bAYdY2UrM6Q,False,201,False,33476,29,29,6.93,1.0,1154.34
NA1_5273383321,ZQHlTam0vGGHyOsX4nfcpSq0AsT757Iu6uGCy0lwajeKF95K6GRCMO5AZjWAa-wB464bAYdY2UrM6Q,False,182,True,14239,28,23,7.91,1.22,619.09
NA1_5273217850,ZQHlTam0vGGHyOsX4nfcpSq0AsT757Iu6uGCy0lwajeKF95K6GRCMO5AZjWAa-wB464bAYdY2UrM6Q,False,210,False,21943,26,26,8.08,1.0,843.96
NA1_5273007275,ZQHlTam0vGGHyOsX4nfcpSq0AsT757Iu6uGCy0lwajeKF95K6GRCMO5AZjWAa-wB464bAYdY2UrM6Q,False,201,False,28869,29,29,6.93,1.0,995.48
NA1_5272989839,ZQHlTam0vGGHyOsX4nfcpSq0AsT757Iu6uGCy0lwajeKF95K6GRCMO5AZjWAa-wB464bAYdY2UrM6Q,True,37,True,10582,66,24,1.54,2.75,440.92
NA1_5272966802,ZQHlTam0vGGHyOsX4nfcpSq0AsT757Iu6uGCy0lwajeKF95K6GRCMO5AZjWAa-wB464bAYdY2UrM6Q,False,158,False,33332,10,27,5.85,0.37,1234.52
NA1_5272934723,ZQHlTam0vGGHyOsX4nfcpSq0AsT757Iu6uGCy0lwajeKF95K6GRCMO5AZjWAa-wB464bAYdY2UrM6Q,False,209,True,19034,29,27,7.74,1.07,704.96
NA1_5272898106,ZQHlTam0vGGHyOsX4nfcpSq0AsT757Iu6uGCy0lwajeKF95K6GRCMO5AZjWAa-wB464bAYdY2UrM6Q,True,284,False,22882,30,35,8.11,0.86,653.77
NA1_5272852487,ZQHlTam0vGGHyOsX4nfcpSq0AsT757Iu6uGCy0lwajeKF95K6GRCMO5AZjWAa-wB464bAYdY2UrM6Q,False,216,False,25879,23,29,7.45,0.79,892.38
NA1_5272798334,ZQHlTam0vGGHyOsX4nfcpSq0AsT757Iu6uGCy0lwajeKF95K6GRCMO5AZjWAa-wB464bAYdY2UrM6Q,False,233,True,22439,14,27,8.63,0.52,831.07
NA1_5272759913,ZQHlTam0vGGHyOsX4nfcpSq0AsT757Iu6uGCy0lwajeKF95K6GRCMO5AZjWAa-wB464bAYdY2UrM6Q,True,193,False,18336,14,22,8.77,0.64,833.45
NA1_5270954803,ZQHlTam0vGGHyOsX4nfcpSq0AsT757Iu6uGCy0lwajeKF95K6GRCMO5AZjWAa-wB464bAYdY2UrM6Q,True,215,True,21450,25,27,7.96,0.93,794.44
NA1_5270932403,ZQHlTam0vGGHyOsX4nfcpSq0AsT757Iu6uGCy0lwajeKF95K6GRCMO5AZjWAa-wB464bAYdY2UrM6Q,True,199,True,32273,17,22,9.05,0.77,1466.95
NA1_5270902835,ZQHlTam0vGGHyOsX4nfcpSq0AsT757Iu6uGCy0lwajeKF95K6GRCMO5AZjWAa-wB464bAYdY2UrM6Q,False,230,True,30619,26,27,8.52,0.96,1134.04
NA1_5270863364,ZQHlTam0vGGHyOsX4nfcpSq0AsT757Iu6uGCy0lwajeKF95K6GRCMO5AZjWAa-wB464bAYdY2UrM6Q,True,266,False,26500,34,29,9.17,1.17,913.79
NA1_5270841757,ZQHlTam0vGGHyOsX4nfcpSq0AsT757Iu6uGCy0lwajeKF95K6GRCMO5AZjWAa-wB464bAYdY2UrM6Q,True,14,True,7399,28,15,0.93,1.87,493.27
NA1_5270794963,ZQHlTam0vGGHyOsX4nfcpSq0AsT757Iu6uGCy0lwajeKF95K6GRCMO5AZjWAa-wB464bAYdY2UrM6Q,False,260,True,32525,23,30,8.67,0.77,1084.17
NA1_5270748623,ZQHlTam0vGGHyOsX4nfcpSq0AsT757Iu6uGCy0lwajeKF95K6GRCMO5AZjWAa-wB464bAYdY2UrM6Q,True,168,False,23934,24,27,6.22,0.89,886.44
NA1_5270704441,ZQHlTam0vGGHyOsX4nfcpSq0AsT757Iu6uGCy0lwajeKF95K6GRCMO5AZjWAa-wB464bAYdY2UrM6Q,True,184,True,16531,29,25,7.36,1.16,661.24
NA1_5270676713,ZQHlTam0vGGHyOsX4nfcpSq0AsT757Iu6uGCy0lwajeKF95K6GRCMO5AZjWAa-wB464bAYdY2UrM6Q,False,220,True,12637,22,25,8.8,0.88,505.48
NA1_5270242674,ZQHlTam0vGGHyOsX4nfcpSq0AsT757Iu6uGCy0lwajeKF95K6GRCMO5AZjWAa-wB464bAYdY2UrM6Q,True,246,False,27553,16,25,9.84,0.64,1102.12
NA1_5270216903,ZQHlTam0vGGHyOsX4nfcpSq0AsT757Iu6uGCy0lwajeKF95K6GRCMO5AZjWAa-wB464bAYdY2UrM6Q,False,203,True,19117,18,27,7.52,0.67,708.04
NA1_5270187952,ZQHlTam0vGGHyOsX4nfcpSq0AsT757Iu6uGCy0lwajeKF95K6GRCMO5AZjWAa-wB464bAYdY2UrM6Q,True,220,False,31769,17,27,8.15,0.63,1176.63
NA1_5270158169,ZQHlTam0vGGHyOsX4nfcpSq0AsT757Iu6uGCy0lwajeKF95K6GRCMO5AZjWAa-wB464bAYdY2UrM6Q,True,214,False,48082,24,31,6.9,0.77,1551.03
NA1_5270114591,ZQHlTam0vGGHyOsX4nfcpSq0AsT757Iu6uGCy0lwajeKF95K6GRCMO5AZjWAa-wB464bAYdY2UrM6Q,True,243,False,32374,37,31,7.84,1.19,1044.32
NA1_5270083565,ZQHlTam0vGGHyOsX4nfcpSq0AsT757Iu6uGCy0lwajeKF95K6GRCMO5AZjWAa-wB464bAYdY2UrM6Q,True,202,False,15231,33,30,6.73,1.1,507.7
NA1_5270050432,ZQHlTam0vGGHyOsX4nfcpSq0AsT757Iu6uGCy0lwajeKF95K6GRCMO5AZjWAa-wB464bAYdY2UrM6Q,True,259,False,32180,26,28,9.25,0.93,1149.29
NA1_5270003040,ZQHlTam0vGGHyOsX4nfcpSq0AsT757Iu6uGCy0lwajeKF95K6GRCMO5AZjWAa-wB464bAYdY2UrM6Q,False,247,False,34564,15,34,7.26,0.44,1016.59
NA1_5269525448,ZQHlTam0vGGHyOsX4nfcpSq0AsT757Iu6uGCy0lwajeKF95K6GRCMO5AZjWAa-wB464bAYdY2UrM6Q,True,256,False,30458,22,29,8.83,0.76,1050.28
NA1_5269510824,ZQHlTam0vGGHyOsX4nfcpSq0AsT757Iu6uGCy0lwajeKF95K6GRCMO5AZjWAa-wB464bAYdY2UrM6Q,True,178,True,13457,11,18,9.89,0.61,747.61
NA1_5269487220,ZQHlTam0vGGHyOsX4nfcpSq0AsT757Iu6uGCy0lwajeKF95K6GRCMO5AZjWAa-wB464bAYdY2UrM6Q,True,166,False,30023,19,29,5.72,0.66,1035.28
NA1_5269456439,ZQHlTam0vGGHyOsX4nfcpSq0AsT757Iu6uGCy0lwajeKF95K6GRCMO5AZjWAa-wB464bAYdY2UrM6Q,False,199,False,15747,19,27,7.37,0.7,583.22
NA1_5273423007,xmiQxjM4M6GtZ_YHPjipfYqsHCoNzG1l1RVd3sDRzPjuGRhE8j166oqZrW0nhgkwW-dRu1MEGmueSQ,False,211,False,21634,18,29,7.28,0.62,746.0
NA1_5272820331,xmiQxjM4M6GtZ_YHPjipfYqsHCoNzG1l1RVd3sDRzPjuGRhE8j166oqZrW0nhgkwW-dRu1MEGmueSQ,True,159,True,15024,11,15,10.6,0.73,1001.6
NA1_5272788354,xmiQxjM4M6GtZ_YHPjipfYqsHCoNzG1l1RVd3sDRzPjuGRhE8j166oqZrW0nhgkwW-dRu1MEGmueSQ,True,240,False,58661,35,35,6.86,1.0,1676.03
NA1_5272759913,xmiQxjM4M6GtZ_YHPjipfYqsHCoNzG1l1RVd3sDRzPjuGRhE8j166oqZrW0nhgkwW-dRu1MEGmueSQ,True,199,False,29612,21,22,9.05,0.95,1346.0
NA1_5272732957,xmiQxjM4M6GtZ_YHPjipfYqsHCoNzG1l1RVd3sDRzPjuGRhE8j166oqZrW0nhgkwW-dRu1MEGmueSQ,False,267,False,26563,30,29,9.21,1.03,915.97
NA1_5272704941,xmiQxjM4M6GtZ_YHPjipfYqsHCoNzG1l1RVd3sDRzPjuGRhE8j166oqZrW0nhgkwW-dRu1MEGmueSQ,True,173,False,12612,13,17,10.18,0.76,741.88
NA1_5272687491,xmiQxjM4M6GtZ_YHPjipfYqsHCoNzG1l1RVd3sDRzPjuGRhE8j166oqZrW0nhgkwW-dRu1MEGmueSQ,False,150,True,8733,14,15,10.0,0.93,582.2
NA1_5272668190,xmiQxjM4M6GtZ_YHPjipfYqsHCoNzG1l1RVd3sDRzPjuGRhE8j166oqZrW0nhgkwW-dRu1MEGmueSQ,True,271,False,29256,23,27,10.04,0.85,1083.56
NA1_5272640046,xmiQxjM4M6GtZ_YHPjipfYqsHCoNzG1l1RVd3sDRzPjuGRhE8j166oqZrW0nhgkwW-dRu1MEGmueSQ,False,180,True,16751,20,25,7.2,0.8,670.04
NA1_5272615819,xmiQxjM4M6GtZ_YHPjipfYqsHCoNzG1l1RVd3sDRzPjuGRhE8j166oqZrW0nhgkwW-dRu1MEGmueSQ,True,225,False,39192,39,30,7.5,1.3,1306.4
NA1_5272265971,xmiQxjM4M6GtZ_YHPjipfYqsHCoNzG1l1RVd3sDRzPjuGRhE8j166oqZrW0nhgkwW-dRu1MEGmueSQ,False,309,False,25520,24,31,9.97,0.77,823.23
NA1_5272241251,xmiQxjM4M6GtZ_YHPjipfYqsHCoNzG1l1RVd3sDRzPjuGRhE8j166oqZrW0nhgkwW-dRu1MEGmueSQ,True,175,False,10889,10,19,9.21,0.53,573.11
NA1_5272203793,xmiQxjM4M6GtZ_YHPjipfYqsHCoNzG1l1RVd3sDRzPjuGRhE8j166oqZrW0nhgkwW-dRu1MEGmueSQ,True,228,False,38562,18,25,9.12,0.72,1542.48
NA1_5272151346,xmiQxjM4M6GtZ_YHPjipfYqsHCoNzG1l1RVd3sDRzPjuGRhE8j166oqZrW0nhgkwW-dRu1MEGmueSQ,True,257,False,41384,28,35,7.34,0.8,1182.4
NA1_5272117063,xmiQxjM4M6GtZ_YHPjipfYqsHCoNzG1l1RVd3sDRzPjuGRhE8j166oqZrW0nhgkwW-dRu1MEGmueSQ,True,194,False,37830,23,28,6.93,0.82,1351.07
NA1_5272086932,xmiQxjM4M6GtZ_YHPjipfYqsHCoNzG1l1RVd3sDRzPjuGRhE8j166oqZrW0nhgkwW-dRu1MEGmueSQ,True,204,True,32650,29,28,7.29,1.04,1166.07
NA1_5270863364,xmiQxjM4M6GtZ_YHPjipfYqsHCoNzG1l1RVd3sDRzPjuGRhE8j166oqZrW0nhgkwW-dRu1MEGmueSQ,True,201,False,27189,21,29,6.93,0.72,937.55
NA1_5270841757,xmiQxjM4M6GtZ_YHPjipfYqsHCoNzG1l1RVd3sDRzPjuGRhE8j166oqZrW0nhgkwW-dRu1MEGmueSQ,True,123,True,10045,7,15,8.2,0.47,669.67
NA1_5270805738,xmiQxjM4M6GtZ_YHPjipfYqsHCoNzG1l1RVd3sDRzPjuGRhE8j166oqZrW0nhgkwW-dRu1MEGmueSQ,False,217,False,27380,29,28,7.75,1.04,977.86
NA1_5270761533,xmiQxjM4M6GtZ_YHPjipfYqsHCoNzG1l1RVd3sDRzPjuGRhE8j166oqZrW0nhgkwW-dRu1MEGmueSQ,False,32,True,32015,24,34,0.94,0.71,941.62
NA1_5270741520,xmiQxjM4M6GtZ_YHPjipfYqsHCoNzG1l1RVd3sDRzPjuGRhE8j166oqZrW0nhgkwW-dRu1MEGmueSQ,True,152,True,12492,8,15,10.13,0.53,832.8
NA1_5270413691,xmiQxjM4M6GtZ_YHPjipfYqsHCoNzG1l1RVd3sDRzPjuGRhE8j166oqZrW0nhgkwW-dRu1MEGmueSQ,False,211,False,21132,22,27,7.81,0.81,782.67
NA1_5270119003,xmiQxjM4M6GtZ_YHPjipfYqsHCoNzG1l1RVd3sDRzPjuGRhE8j166oqZrW0nhgkwW-dRu1MEGmueSQ,True,187,False,28074,20,24,7.79,0.83,1169.75
NA1_5270083565,xmiQxjM4M6GtZ_YHPjipfYqsHCoNzG1l1RVd3sDRzPjuGRhE8j166oqZrW0nhgkwW-dRu1MEGmueSQ,False,225,False,25944,24,30,7.5,0.8,864.8
NA1_5269482320,xmiQxjM4M6GtZ_YHPjipfYqsHCoNzG1l1RVd3sDRzPjuGRhE8j166oqZrW0nhgkwW-dRu1MEGmueSQ,True,266,False,34375,28,31,8.58,0.9,1108.87
NA1_5269456439,xmiQxjM4M6GtZ_YHPjipfYqsHCoNzG1l1RVd3sDRzPjuGRhE8j166oqZrW0nhgkwW-dRu1MEGmueSQ,False,239,False,16733,21,27,8.85,0.78,619.74
NA1_5269434952,xmiQxjM4M6GtZ_YHPjipfYqsHCoNzG1l1RVd3sDRzPjuGRhE8j166oqZrW0nhgkwW-dRu1MEGmueSQ,False,151,True,7233,12,16,9.44,0.75,452.06
NA1_5269412960,xmiQxjM4M6GtZ_YHPjipfYqsHCoNzG1l1RVd3sDRzPjuGRhE8j166oqZrW0nhgkwW-dRu1MEGmueSQ,False,192,False,28537,22,23,8.35,0.96,1240.74
NA1_5269366931,xmiQxjM4M6GtZ_YHPjipfYqsHCoNzG1l1RVd3sDRzPjuGRhE8j166oqZrW0nhgkwW-dRu1MEGmueSQ,True,191,True,21678,19,26,7.35,0.73,833.77
NA1_5269344678,xmiQxjM4M6GtZ_YHPjipfYqsHCoNzG1l1RVd3sDRzPjuGRhE8j166oqZrW0nhgkwW-dRu1MEGmueSQ,True,135,True,8927,16,15,9.0,1.07,595.13
NA1_5269301630,xmiQxjM4M6GtZ_YHPjipfYqsHCoNzG1l1RVd3sDRzPjuGRhE8j166oqZrW0nhgkwW-dRu1MEGmueSQ,False,184,True,29772,27,26,7.08,1.04,1145.08
NA1_5269269295,xmiQxjM4M6GtZ_YHPjipfYqsHCoNzG1l1RVd3sDRzPjuGRhE8j166oqZrW0nhgkwW-dRu1MEGmueSQ,True,240,True,36880,17,26,9.23,0.65,1418.46
NA1_5269223878,xmiQxjM4M6GtZ_YHPjipfYqsHCoNzG1l1RVd3sDRzPjuGRhE8j166oqZrW0nhgkwW-dRu1MEGmueSQ,True,269,False,80055,42,40,6.72,1.05,2001.38
NA1_5269178745,xmiQxjM4M6GtZ_YHPjipfYqsHCoNzG1l1RVd3sDRzPjuGRhE8j166oqZrW0nhgkwW-dRu1MEGmueSQ,True,249,False,33985,24,27,9.22,0.89,1258.7
NA1_5269125144,xmiQxjM4M6GtZ_YHPjipfYqsHCoNzG1l1RVd3sDRzPjuGRhE8j166oqZrW0nhgkwW-dRu1MEGmueSQ,True,208,False,21826,15,24,8.67,0.62,909.42
NA1_5269087165,xmiQxjM4M6GtZ_YHPjipfYqsHCoNzG1l1RVd3sDRzPjuGRhE8j166oqZrW0nhgkwW-dRu1MEGmueSQ,True,205,True,33729,20,22,9.32,0.91,1533.14
NA1_5268769873,xmiQxjM4M6GtZ_YHPjipfYqsHCoNzG1l1RVd3sDRzPjuGRhE8j166oqZrW0nhgkwW-dRu1MEGmueSQ,False,241,False,30869,38,28,8.61,1.36,1102.46
NA1_5268740939,xmiQxjM4M6GtZ_YHPjipfYqsHCoNzG1l1RVd3sDRzPjuGRhE8j166oqZrW0nhgkwW-dRu1MEGmueSQ,True,143,True,15398,10,18,7.94,0.56,855.44
NA1_5268709324,xmiQxjM4M6GtZ_YHPjipfYqsHCoNzG1l1RVd3sDRzPjuGRhE8j166oqZrW0nhgkwW-dRu1MEGmueSQ,False,249,False,28263,23,30,8.3,0.77,942.1
NA1_5268553970,xmiQxjM4M6GtZ_YHPjipfYqsHCoNzG1l1RVd3sDRzPjuGRhE8j166oqZrW0nhgkwW-dRu1MEGmueSQ,False,266,False,45082,33,34,7.82,0.97,1325.94
NA1_5268119470,xmiQxjM4M6GtZ_YHPjipfYqsHCoNzG1l1RVd3sDRzPjuGRhE8j166oqZrW0nhgkwW-dRu1MEGmueSQ,True,215,True,21705,15,23,9.35,0.65,943.7
NA1_5268097204,xmiQxjM4M6GtZ_YHPjipfYqsHCoNzG1l1RVd3sDRzPjuGRhE8j166oqZrW0nhgkwW-dRu1MEGmueSQ,False,195,True,18569,26,24,8.12,1.08,773.71
NA1_5268071160,xmiQxjM4M6GtZ_YHPjipfYqsHCoNzG1l1RVd3sDRzPjuGRhE8j166oqZrW0nhgkwW-dRu1MEGmueSQ,True,196,False,25724,34,26,7.54,1.31,989.38
NA1_5268051037,xmiQxjM4M6GtZ_YHPjipfYqsHCoNzG1l1RVd3sDRzPjuGRhE8j166oqZrW0nhgkwW-dRu1MEGmueSQ,True,202,False,11460,22,19,10.63,1.16,603.16
NA1_5268018153,xmiQxjM4M6GtZ_YHPjipfYqsHCoNzG1l1RVd3sDRzPjuGRhE8j166oqZrW0nhgkwW-dRu1MEGmueSQ,False,194,True,15537,13,23,8.43,0.57,675.52
NA1_5267988087,xmiQxjM4M6GtZ_YHPjipfYqsHCoNzG1l1RVd3sDRzPjuGRhE8j166oqZrW0nhgkwW-dRu1MEGmueSQ,False,273,False,21724,19,29,9.41,0.66,749.1
NA1_5267955010,xmiQxjM4M6GtZ_YHPjipfYqsHCoNzG1l1RVd3sDRzPjuGRhE8j166oqZrW0nhgkwW-dRu1MEGmueSQ,False,185,True,18161,14,24,7.71,0.58,756.71
NA1_5267911727,xmiQxjM4M6GtZ_YHPjipfYqsHCoNzG1l1RVd3sDRzPjuGRhE8j166oqZrW0nhgkwW-dRu1MEGmueSQ,False,253,False,38851,35,39,6.49,0.9,996.18
NA1_5267333302,xmiQxjM4M6GtZ_YHPjipfYqsHCoNzG1l1RVd3sDRzPjuGRhE8j166oqZrW0nhgkwW-dRu1MEGmueSQ,False,253,False,39638,28,29,8.72,0.97,1366.83
NA1_5267300807,xmiQxjM4M6GtZ_YHPjipfYqsHCoNzG1l1RVd3sDRzPjuGRhE8j166oqZrW0nhgkwW-dRu1MEGmueSQ,False,240,False,25461,14,28,8.57,0.5,909.32
